date,merchant,amount,category,account
2025-08-01,ACME PAYROLL,2841.50,income,checking
2025-08-01,METRO TRANSIT,-2.75,transport,checking
2025-08-01,OAKWOOD APARTMENTS,-1450.00,rent,checking
2025-08-02,METRO TRANSIT,-2.75,transport,checking
2025-08-02,BLUE BOTTLE COFFEE,-6.45,coffee,credit
2025-08-02,THAI SPICE,-19.50,dining,credit
2025-08-03,METRO TRANSIT,-2.75,transport,checking
2025-08-03,APPLE.COM/BILL ICLOUD,-2.99,subscriptions,credit
2025-08-03,THAI SPICE,-27.35,dining,credit
2025-08-03,TRADER JOE'S #551,-67.98,groceries,credit
2025-08-03,UBER *TRIP,-21.93,transport,credit
2025-08-04,METRO TRANSIT,-2.75,transport,checking
2025-08-04,SHELL OIL 5741,-38.75,transport,credit
2025-08-05,PLANET FITNESS #1123,-24.99,subscriptions,checking
2025-08-05,AMAZON MKTPLACE PMTS,-24.90,shopping,credit
2025-08-06,METRO TRANSIT,-2.75,transport,checking
2025-08-06,STARBUCKS #2231,-5.69,coffee,credit
2025-08-07,METRO TRANSIT,-2.75,transport,checking
2025-08-07,BLUE BOTTLE COFFEE,-5.58,coffee,credit
2025-08-07,NETFLIX.COM,-15.49,subscriptions,credit
2025-08-07,PANERA BREAD #601,-21.40,dining,credit
2025-08-08,METRO TRANSIT,-2.75,transport,checking
2025-08-08,UBER *TRIP,-20.46,transport,credit
2025-08-09,METRO TRANSIT,-2.75,transport,checking
2025-08-09,PANERA BREAD #601,-26.65,dining,credit
2025-08-09,UBER *TRIP,-20.53,transport,credit
2025-08-10,COMCAST CABLE COMM,-69.99,utilities,checking
2025-08-10,TRADER JOE'S #551,-76.69,groceries,credit
2025-08-11,CVS/PHARMACY #0921,-23.15,health,credit
2025-08-12,METRO TRANSIT,-2.75,transport,checking
2025-08-12,BLUE BOTTLE COFFEE,-6.08,coffee,credit
2025-08-12,KROGER #412,-69.70,groceries,credit
2025-08-12,SPOTIFY USA,-11.99,subscriptions,credit
2025-08-13,METRO TRANSIT,-2.75,transport,checking
2025-08-14,ACME PAYROLL,2841.50,income,checking
2025-08-14,METRO TRANSIT,-2.75,transport,checking
2025-08-14,AMC THEATRES 0412,-30.52,entertainment,credit
2025-08-14,BLUE BOTTLE COFFEE,-6.47,coffee,credit
2025-08-14,SHELL OIL 5741,-49.01,transport,credit
2025-08-15,CITY POWER & LIGHT,-87.95,utilities,checking
2025-08-15,BLUE BOTTLE COFFEE,-5.27,coffee,credit
2025-08-15,CHIPOTLE 1123,-21.68,dining,credit
2025-08-16,UBER *TRIP,-35.99,transport,credit
2025-08-17,STARBUCKS #2231,-5.89,coffee,credit
2025-08-17,THAI SPICE,-18.33,dining,credit
2025-08-17,UBER *TRIP,-19.85,transport,credit
2025-08-17,WHOLE FOODS MKT,-64.77,groceries,credit
2025-08-18,METRO TRANSIT,-2.75,transport,checking
2025-08-18,HULU 877-8244858,-7.99,subscriptions,credit
2025-08-18,STARBUCKS #2231,-4.08,coffee,credit
2025-08-18,THAI SPICE,-26.01,dining,credit
2025-08-19,METRO TRANSIT,-2.75,transport,checking
2025-08-19,BLUE BOTTLE COFFEE,-6.75,coffee,credit
2025-08-19,CHIPOTLE 1123,-26.58,dining,credit
2025-08-20,METRO WATER DEPT,-33.21,utilities,checking
2025-08-21,METRO TRANSIT,-2.75,transport,checking
2025-08-21,KROGER #412,-50.66,groceries,credit
2025-08-22,AMAZON MKTPLACE PMTS,-64.50,shopping,credit
2025-08-22,BLUE BOTTLE COFFEE,-6.29,coffee,credit
2025-08-22,NYTIMES DIGITAL,-17.00,subscriptions,credit
2025-08-22,SHELL OIL 5741,-43.09,transport,credit
2025-08-22,THAI SPICE,-24.19,dining,credit
2025-08-22,TRADER JOE'S #551,-53.69,groceries,credit
2025-08-24,METRO TRANSIT,-2.75,transport,checking
2025-08-24,AMAZON MKTPLACE PMTS,-34.14,shopping,credit
2025-08-25,BLUE BOTTLE COFFEE,-5.07,coffee,credit
2025-08-26,METRO TRANSIT,-2.75,transport,checking
2025-08-26,CHIPOTLE 1123,-17.04,dining,credit
2025-08-26,TARGET T-1432,-37.91,shopping,credit
2025-08-27,CHIPOTLE 1123,-20.54,dining,credit
2025-08-27,KROGER #412,-103.96,groceries,credit
2025-08-27,STARBUCKS #2231,-5.87,coffee,credit
2025-08-28,ACME PAYROLL,2841.50,income,checking
2025-08-28,UBER *TRIP,-16.68,transport,credit
2025-08-29,METRO TRANSIT,-2.75,transport,checking
2025-08-30,METRO TRANSIT,-2.75,transport,checking
2025-08-30,SHELL OIL 5741,-39.11,transport,credit
2025-08-30,WHOLE FOODS MKT,-56.96,groceries,credit
2025-08-31,CHIPOTLE 1123,-20.22,dining,credit
2025-08-31,UBER *TRIP,-21.31,transport,credit
2025-09-01,UBER *TRIP,-31.95,transport,credit
2025-09-02,METRO TRANSIT,-2.75,transport,checking
2025-09-02,STARBUCKS #2231,-6.19,coffee,credit
2025-09-02,UBER *TRIP,-20.70,transport,credit
2025-09-03,METRO TRANSIT,-2.75,transport,checking
2025-09-03,OAKWOOD APARTMENTS,-1450.00,rent,checking
2025-09-03,APPLE.COM/BILL ICLOUD,-2.99,subscriptions,credit
2025-09-03,STARBUCKS #2231,-5.79,coffee,credit
2025-09-04,METRO TRANSIT,-2.75,transport,checking
2025-09-04,STARBUCKS #2231,-4.96,coffee,credit
2025-09-05,PLANET FITNESS #1123,-24.99,subscriptions,checking
2025-09-05,STARBUCKS #2231,-6.29,coffee,credit
2025-09-06,CHIPOTLE 1123,-23.81,dining,credit
2025-09-06,TRADER JOE'S #551,-101.74,groceries,credit
2025-09-07,METRO TRANSIT,-2.75,transport,checking
2025-09-07,CVS/PHARMACY #0921,-24.85,health,credit
2025-09-07,NETFLIX.COM,-15.49,subscriptions,credit
2025-09-07,SHELL OIL 5741,-45.37,transport,credit
2025-09-08,METRO TRANSIT,-2.75,transport,checking
2025-09-08,BLUE BOTTLE COFFEE,-6.79,coffee,credit
2025-09-09,METRO TRANSIT,-2.75,transport,checking
2025-09-10,COMCAST CABLE COMM,-69.99,utilities,checking
2025-09-10,TARGET T-1432,-58.38,shopping,credit
2025-09-11,AMAZON MKTPLACE PMTS,-61.55,shopping,credit
2025-09-11,BLUE BOTTLE COFFEE,-6.84,coffee,credit
2025-09-11,CHIPOTLE 1123,-22.20,dining,credit
2025-09-11,WHOLE FOODS MKT,-84.11,groceries,credit
2025-09-12,ACME PAYROLL,2841.50,income,checking
2025-09-12,SPOTIFY USA,-11.99,subscriptions,credit
2025-09-13,METRO TRANSIT,-2.75,transport,checking
2025-09-13,AMAZON MKTPLACE PMTS,-22.99,shopping,credit
2025-09-13,CHIPOTLE 1123,-28.57,dining,credit
2025-09-13,STARBUCKS #2231,-5.61,coffee,credit
2025-09-13,UBER *TRIP,-15.92,transport,credit
2025-09-14,STARBUCKS #2231,-6.95,coffee,credit
2025-09-14,THAI SPICE,-29.61,dining,credit
2025-09-14,UBER *TRIP,-16.68,transport,credit
2025-09-15,CITY POWER & LIGHT,-81.75,utilities,checking
2025-09-15,METRO TRANSIT,-2.75,transport,checking
2025-09-15,BLUE BOTTLE COFFEE,-4.35,coffee,credit
2025-09-15,THAI SPICE,-19.28,dining,credit
2025-09-15,UBER *TRIP,-23.31,transport,credit
2025-09-16,KROGER #412,-70.10,groceries,credit
2025-09-16,STARBUCKS #2231,-6.05,coffee,credit
2025-09-18,METRO TRANSIT,-2.75,transport,checking
2025-09-18,HULU 877-8244858,-7.99,subscriptions,credit
2025-09-18,SHELL OIL 5741,-39.90,transport,credit
2025-09-19,METRO TRANSIT,-2.75,transport,checking
2025-09-20,METRO WATER DEPT,-35.44,utilities,checking
2025-09-20,PANERA BREAD #601,-28.15,dining,credit
2025-09-20,STARBUCKS #2231,-6.53,coffee,credit
2025-09-21,UBER *TRIP,-16.06,transport,credit
2025-09-22,BLUE BOTTLE COFFEE,-5.71,coffee,credit
2025-09-22,NYTIMES DIGITAL,-17.00,subscriptions,credit
2025-09-23,METRO TRANSIT,-2.75,transport,checking
2025-09-23,BLUE BOTTLE COFFEE,-5.35,coffee,credit
2025-09-23,TRADER JOE'S #551,-68.26,groceries,credit
2025-09-24,METRO TRANSIT,-2.75,transport,checking
2025-09-24,PANERA BREAD #601,-26.20,dining,credit
2025-09-24,STARBUCKS #2231,-5.37,coffee,credit
2025-09-25,METRO TRANSIT,-2.75,transport,checking
2025-09-25,UBER *TRIP,-12.84,transport,credit
2025-09-26,ACME PAYROLL,2841.50,income,checking
2025-09-26,AMAZON MKTPLACE PMTS,-47.62,shopping,credit
2025-09-26,THAI SPICE,-22.57,dining,credit
2025-09-28,PANERA BREAD #601,-17.75,dining,credit
2025-09-29,SHELL OIL 5741,-48.32,transport,credit
2025-09-29,STARBUCKS #2231,-5.75,coffee,credit
2025-09-30,METRO TRANSIT,-2.75,transport,checking
2025-09-30,WHOLE FOODS MKT,-79.12,groceries,credit
2025-10-01,METRO TRANSIT,-2.75,transport,checking
2025-10-01,STARBUCKS #2231,-7.46,coffee,credit
2025-10-02,OAKWOOD APARTMENTS,-1450.00,rent,checking
2025-10-02,AMC THEATRES 0412,-37.76,entertainment,credit
2025-10-02,STARBUCKS #2231,-5.25,coffee,credit
2025-10-03,APPLE.COM/BILL ICLOUD,-2.99,subscriptions,credit
2025-10-03,BEST BUY 00412,-570.85,shopping,credit
2025-10-04,PANERA BREAD #601,-16.13,dining,credit
2025-10-05,METRO TRANSIT,-2.75,transport,checking
2025-10-05,PLANET FITNESS #1123,-24.99,subscriptions,checking
2025-10-05,BLUE BOTTLE COFFEE,-4.91,coffee,credit
2025-10-05,PANERA BREAD #601,-20.91,dining,credit
2025-10-06,METRO TRANSIT,-2.75,transport,checking
2025-10-07,METRO TRANSIT,-2.75,transport,checking
2025-10-07,AMAZON MKTPLACE PMTS,-39.14,shopping,credit
2025-10-07,NETFLIX.COM,-15.49,subscriptions,credit
2025-10-08,METRO TRANSIT,-2.75,transport,checking
2025-10-08,BLUE BOTTLE COFFEE,-4.81,coffee,credit
2025-10-09,ACME PAYROLL,2841.50,income,checking
2025-10-09,SHELL OIL 5741,-38.78,transport,credit
2025-10-09,STARBUCKS #2231,-5.78,coffee,credit
2025-10-10,COMCAST CABLE COMM,-69.99,utilities,checking
2025-10-10,PANERA BREAD #601,-15.59,dining,credit
2025-10-11,METRO TRANSIT,-2.75,transport,checking
2025-10-11,WHOLE FOODS MKT,-77.25,groceries,credit
2025-10-12,METRO TRANSIT,-2.75,transport,checking
2025-10-12,SPOTIFY USA,-11.99,subscriptions,credit
2025-10-13,METRO TRANSIT,-2.75,transport,checking
2025-10-14,STARBUCKS #2231,-5.37,coffee,credit
2025-10-15,CITY POWER & LIGHT,-85.93,utilities,checking
2025-10-15,METRO TRANSIT,-2.75,transport,checking
2025-10-15,CHIPOTLE 1123,-24.59,dining,credit
2025-10-15,STARBUCKS #2231,-4.99,coffee,credit
2025-10-16,METRO TRANSIT,-2.75,transport,checking
2025-10-16,BLUE BOTTLE COFFEE,-5.66,coffee,credit
2025-10-16,THAI SPICE,-31.64,dining,credit
2025-10-17,METRO TRANSIT,-2.75,transport,checking
2025-10-17,WHOLE FOODS MKT,-62.32,groceries,credit
2025-10-18,METRO TRANSIT,-2.75,transport,checking
2025-10-18,HULU 877-8244858,-7.99,subscriptions,credit
2025-10-18,THAI SPICE,-19.63,dining,credit
2025-10-18,UBER *TRIP,-23.08,transport,credit
2025-10-19,CVS/PHARMACY #0921,-16.57,health,credit
2025-10-19,UBER *TRIP,-20.32,transport,credit
2025-10-20,METRO TRANSIT,-2.75,transport,checking
2025-10-20,METRO WATER DEPT,-39.09,utilities,checking
2025-10-20,AMAZON MKTPLACE PMTS,-49.15,shopping,credit
2025-10-20,STARBUCKS #2231,-5.66,coffee,credit
2025-10-20,WHOLE FOODS MKT,-109.43,groceries,credit
2025-10-21,METRO TRANSIT,-2.75,transport,checking
2025-10-21,BLUE BOTTLE COFFEE,-4.42,coffee,credit
2025-10-21,KROGER #412,-98.63,groceries,credit
2025-10-21,PANERA BREAD #601,-21.67,dining,credit
2025-10-21,SHELL OIL 5741,-42.90,transport,credit
2025-10-21,UBER *TRIP,-20.08,transport,credit
2025-10-22,NYTIMES DIGITAL,-17.00,subscriptions,credit
2025-10-22,TARGET T-1432,-25.12,shopping,credit
2025-10-23,AMAZON MKTPLACE PMTS,-40.44,shopping,credit
2025-10-23,BLUE BOTTLE COFFEE,-6.63,coffee,credit
2025-10-24,ACME PAYROLL,2841.50,income,checking
2025-10-25,METRO TRANSIT,-2.75,transport,checking
2025-10-26,UBER *TRIP,-21.27,transport,credit
2025-10-27,TRADER JOE'S #551,-75.86,groceries,credit
2025-10-29,METRO TRANSIT,-2.75,transport,checking
2025-10-30,WHOLE FOODS MKT,-91.37,groceries,credit
2025-10-31,METRO TRANSIT,-2.75,transport,checking
2025-10-31,BLUE BOTTLE COFFEE,-4.68,coffee,credit
2025-11-01,OAKWOOD APARTMENTS,-1450.00,rent,checking
2025-11-01,BLUE BOTTLE COFFEE,-6.12,coffee,credit
2025-11-02,METRO TRANSIT,-2.75,transport,checking
2025-11-02,BLUE BOTTLE COFFEE,-4.61,coffee,credit
2025-11-02,SHELL OIL 5741,-44.14,transport,credit
2025-11-02,THAI SPICE,-31.57,dining,credit
2025-11-02,UBER *TRIP,-28.01,transport,credit
2025-11-03,METRO TRANSIT,-2.75,transport,checking
2025-11-03,APPLE.COM/BILL ICLOUD,-2.99,subscriptions,credit
2025-11-03,TRADER JOE'S #551,-50.79,groceries,credit
2025-11-04,METRO TRANSIT,-2.75,transport,checking
2025-11-04,BLUE BOTTLE COFFEE,-5.16,coffee,credit
2025-11-05,PLANET FITNESS #1123,-24.99,subscriptions,checking
2025-11-06,ACME PAYROLL,2841.50,income,checking
2025-11-06,METRO TRANSIT,-2.75,transport,checking
2025-11-06,BLUE BOTTLE COFFEE,-4.29,coffee,credit
2025-11-07,METRO TRANSIT,-2.75,transport,checking
2025-11-07,NETFLIX.COM,-15.49,subscriptions,credit
2025-11-07,STARBUCKS #2231,-5.16,coffee,credit
2025-11-08,METRO TRANSIT,-2.75,transport,checking
2025-11-08,UBER *TRIP,-7.62,transport,credit
2025-11-09,CHIPOTLE 1123,-16.65,dining,credit
2025-11-09,STARBUCKS #2231,-5.09,coffee,credit
2025-11-09,TARGET T-1432,-39.14,shopping,credit
2025-11-10,COMCAST CABLE COMM,-69.99,utilities,checking
2025-11-10,BLUE BOTTLE COFFEE,-5.01,coffee,credit
2025-11-10,TARGET T-1432,-63.42,shopping,credit
2025-11-11,METRO TRANSIT,-2.75,transport,checking
2025-11-12,BLUE BOTTLE COFFEE,-5.97,coffee,credit
2025-11-12,SHELL OIL 5741,-46.01,transport,credit
2025-11-12,SPOTIFY USA,-11.99,subscriptions,credit
2025-11-13,METRO TRANSIT,-2.75,transport,checking
2025-11-13,CVS/PHARMACY #0921,-12.01,health,credit
2025-11-14,METRO TRANSIT,-2.75,transport,checking
2025-11-14,BLUE BOTTLE COFFEE,-6.17,coffee,credit
2025-11-14,UBER *TRIP,-10.64,transport,credit
2025-11-15,CITY POWER & LIGHT,-113.07,utilities,checking
2025-11-15,KROGER #412,-75.90,groceries,credit
2025-11-16,AMAZON MKTPLACE PMTS,-29.60,shopping,credit
2025-11-16,STARBUCKS #2231,-4.27,coffee,credit
2025-11-16,THAI SPICE,-17.51,dining,credit
2025-11-16,WHOLE FOODS MKT,-72.76,groceries,credit
2025-11-17,METRO TRANSIT,-2.75,transport,checking
2025-11-17,AMAZON MKTPLACE PMTS,-46.92,shopping,credit
2025-11-17,BLUE BOTTLE COFFEE,-5.88,coffee,credit
2025-11-18,METRO TRANSIT,-2.75,transport,checking
2025-11-18,AMAZON MKTPLACE PMTS,-49.95,shopping,credit
2025-11-18,HULU 877-8244858,-7.99,subscriptions,credit
2025-11-18,WHOLE FOODS MKT,-74.23,groceries,credit
2025-11-19,METRO TRANSIT,-2.75,transport,checking
2025-11-20,METRO TRANSIT,-2.75,transport,checking
2025-11-20,METRO WATER DEPT,-42.84,utilities,checking
2025-11-21,ACME PAYROLL,2841.50,income,checking
2025-11-21,BLUE BOTTLE COFFEE,-4.87,coffee,credit
2025-11-21,CHIPOTLE 1123,-31.50,dining,credit
2025-11-21,UBER *TRIP,-26.18,transport,credit
2025-11-22,NYTIMES DIGITAL,-17.00,subscriptions,credit
2025-11-22,SHELL OIL 5741,-44.11,transport,credit
2025-11-22,THAI SPICE,-21.18,dining,credit
2025-11-22,WHOLE FOODS MKT,-43.09,groceries,credit
2025-11-23,METRO TRANSIT,-2.75,transport,checking
2025-11-23,CHIPOTLE 1123,-24.51,dining,credit
2025-11-24,AMC THEATRES 0412,-30.93,entertainment,credit
2025-11-24,BLUE BOTTLE COFFEE,-5.15,coffee,credit
2025-11-25,METRO TRANSIT,-2.75,transport,checking
2025-11-25,STARBUCKS #2231,-5.73,coffee,credit
2025-11-26,METRO TRANSIT,-2.75,transport,checking
2025-11-27,METRO TRANSIT,-2.75,transport,checking
2025-11-27,STARBUCKS #2231,-5.01,coffee,credit
2025-11-28,METRO TRANSIT,-2.75,transport,checking
2025-11-28,BLUE BOTTLE COFFEE,-5.08,coffee,credit
2025-11-28,KROGER #412,-66.84,groceries,credit
2025-11-28,UBER *TRIP,-14.71,transport,credit
2025-11-29,KROGER #412,-50.67,groceries,credit
2025-11-30,CHIPOTLE 1123,-19.86,dining,credit
2025-11-30,UBER *TRIP,-28.04,transport,credit
2025-12-01,METRO TRANSIT,-2.75,transport,checking
2025-12-01,OAKWOOD APARTMENTS,-1450.00,rent,checking
2025-12-01,SHELL OIL 5741,-40.93,transport,credit
2025-12-02,CHIPOTLE 1123,-20.53,dining,credit
2025-12-03,METRO TRANSIT,-2.75,transport,checking
2025-12-03,AMAZON MKTPLACE PMTS,-54.05,shopping,credit
2025-12-03,APPLE.COM/BILL ICLOUD,-2.99,subscriptions,credit
2025-12-03,TRADER JOE'S #551,-52.98,groceries,credit
2025-12-04,METRO TRANSIT,-2.75,transport,checking
2025-12-04,AMAZON MKTPLACE PMTS,-80.92,shopping,credit
2025-12-04,BEST BUY 00412,-1134.81,shopping,credit
2025-12-04,TARGET T-1432,-106.26,shopping,credit
2025-12-05,ACME PAYROLL,2841.50,income,checking
2025-12-05,METRO TRANSIT,-2.75,transport,checking
2025-12-05,PLANET FITNESS #1123,-24.99,subscriptions,checking
2025-12-05,STARBUCKS #2231,-3.83,coffee,credit
2025-12-06,STARBUCKS #2231,-7.00,coffee,credit
2025-12-07,METRO TRANSIT,-2.75,transport,checking
2025-12-07,AMAZON MKTPLACE PMTS,-122.90,shopping,credit
2025-12-07,NETFLIX.COM,-15.49,subscriptions,credit
2025-12-07,TARGET T-1432,-41.23,shopping,credit
2025-12-07,THAI SPICE,-22.05,dining,credit
2025-12-09,METRO TRANSIT,-2.75,transport,checking
2025-12-09,AMAZON MKTPLACE PMTS,-51.63,shopping,credit
2025-12-09,BLUE BOTTLE COFFEE,-4.65,coffee,credit
2025-12-09,SHELL OIL 5741,-42.45,transport,credit
2025-12-10,COMCAST CABLE COMM,-69.99,utilities,checking
2025-12-10,BLUE BOTTLE COFFEE,-5.95,coffee,credit
2025-12-11,METRO TRANSIT,-2.75,transport,checking
2025-12-11,AMAZON MKTPLACE PMTS,-81.68,shopping,credit
2025-12-11,STARBUCKS #2231,-4.40,coffee,credit
2025-12-11,TARGET T-1432,-85.53,shopping,credit
2025-12-11,TRADER JOE'S #551,-67.34,groceries,credit
2025-12-12,METRO TRANSIT,-2.75,transport,checking
2025-12-12,SPOTIFY USA,-11.99,subscriptions,credit
2025-12-12,TARGET T-1432,-34.53,shopping,credit
2025-12-13,METRO TRANSIT,-2.75,transport,checking
2025-12-13,CHIPOTLE 1123,-21.63,dining,credit
2025-12-13,WHOLE FOODS MKT,-80.90,groceries,credit
2025-12-14,PANERA BREAD #601,-32.65,dining,credit
2025-12-14,STARBUCKS #2231,-7.48,coffee,credit
2025-12-15,CITY POWER & LIGHT,-156.14,utilities,checking
2025-12-15,STARBUCKS #2231,-4.55,coffee,credit
2025-12-16,METRO TRANSIT,-2.75,transport,checking
2025-12-16,AMAZON MKTPLACE PMTS,-37.89,shopping,credit
2025-12-16,BLUE BOTTLE COFFEE,-4.24,coffee,credit
2025-12-17,METRO TRANSIT,-2.75,transport,checking
2025-12-17,STARBUCKS #2231,-5.19,coffee,credit
2025-12-18,ACME PAYROLL,2841.50,income,checking
2025-12-18,METRO TRANSIT,-2.75,transport,checking
2025-12-18,HULU 877-8244858,-7.99,subscriptions,credit
2025-12-18,PANERA BREAD #601,-25.65,dining,credit
2025-12-18,STARBUCKS #2231,-7.26,coffee,credit
2025-12-18,TRADER JOE'S #551,-102.05,groceries,credit
2025-12-19,METRO TRANSIT,-2.75,transport,checking
2025-12-19,CHIPOTLE 1123,-25.05,dining,credit
2025-12-19,TARGET T-1432,-39.76,shopping,credit
2025-12-19,TRADER JOE'S #551,-78.61,groceries,credit
2025-12-20,METRO WATER DEPT,-41.45,utilities,checking
2025-12-21,METRO TRANSIT,-2.75,transport,checking
2025-12-21,AMAZON MKTPLACE PMTS,-162.76,shopping,credit
2025-12-21,CHIPOTLE 1123,-16.72,dining,credit
2025-12-21,SHELL OIL 5741,-42.91,transport,credit
2025-12-22,NYTIMES DIGITAL,-17.00,subscriptions,credit
2025-12-22,STARBUCKS #2231,-5.77,coffee,credit
2025-12-23,METRO TRANSIT,-2.75,transport,checking
2025-12-23,CVS/PHARMACY #0921,-17.17,health,credit
2025-12-23,STARBUCKS #2231,-5.65,coffee,credit
2025-12-24,STARBUCKS #2231,-6.60,coffee,credit
2025-12-27,METRO TRANSIT,-2.75,transport,checking
2025-12-27,WHOLE FOODS MKT,-72.96,groceries,credit
2025-12-28,METRO TRANSIT,-2.75,transport,checking
2025-12-28,PANERA BREAD #601,-18.04,dining,credit
2025-12-29,METRO TRANSIT,-2.75,transport,checking
2025-12-30,METRO TRANSIT,-2.75,transport,checking
2026-01-01,ACME PAYROLL,2841.50,income,checking
2026-01-01,STARBUCKS #2231,-5.22,coffee,credit
2026-01-01,THAI SPICE,-16.49,dining,credit
2026-01-02,SHELL OIL 5741,-44.40,transport,credit
2026-01-02,STARBUCKS #2231,-4.26,coffee,credit
2026-01-03,OAKWOOD APARTMENTS,-1450.00,rent,checking
2026-01-03,AMAZON MKTPLACE PMTS,-29.54,shopping,credit
2026-01-03,APPLE.COM/BILL ICLOUD,-2.99,subscriptions,credit
2026-01-03,CHIPOTLE 1123,-22.57,dining,credit
2026-01-03,KROGER #412,-56.88,groceries,credit
2026-01-04,METRO TRANSIT,-2.75,transport,checking
2026-01-04,BLUE BOTTLE COFFEE,-4.32,coffee,credit
2026-01-04,PANERA BREAD #601,-22.44,dining,credit
2026-01-05,PLANET FITNESS #1123,-24.99,subscriptions,checking
2026-01-05,BLUE BOTTLE COFFEE,-6.23,coffee,credit
2026-01-05,CHIPOTLE 1123,-24.62,dining,credit
2026-01-06,CHIPOTLE 1123,-18.24,dining,credit
2026-01-06,STARBUCKS #2231,-7.86,coffee,credit
2026-01-06,WHOLE FOODS MKT,-91.01,groceries,credit
2026-01-07,METRO TRANSIT,-2.75,transport,checking
2026-01-07,NETFLIX.COM,-15.49,subscriptions,credit
2026-01-07,UBER *TRIP,-17.04,transport,credit
2026-01-08,METRO TRANSIT,-2.75,transport,checking
2026-01-08,STARBUCKS #2231,-5.86,coffee,credit
2026-01-09,STARBUCKS #2231,-5.36,coffee,credit
2026-01-10,COMCAST CABLE COMM,-69.99,utilities,checking
2026-01-10,METRO TRANSIT,-2.75,transport,checking
2026-01-10,CHIPOTLE 1123,-20.74,dining,credit
2026-01-11,TRADER JOE'S #551,-103.63,groceries,credit
2026-01-11,UBER *TRIP,-21.39,transport,credit
2026-01-12,METRO TRANSIT,-2.75,transport,checking
2026-01-12,SHELL OIL 5741,-42.19,transport,credit
2026-01-12,SPOTIFY USA,-11.99,subscriptions,credit
2026-01-12,TRADER JOE'S #551,-71.04,groceries,credit
2026-01-13,METRO TRANSIT,-2.75,transport,checking
2026-01-13,TARGET T-1432,-22.55,shopping,credit
2026-01-14,METRO TRANSIT,-2.75,transport,checking
2026-01-14,BLUE BOTTLE COFFEE,-5.15,coffee,credit
2026-01-15,ACME PAYROLL,2841.50,income,checking
2026-01-15,CITY POWER & LIGHT,-147.53,utilities,checking
2026-01-15,METRO TRANSIT,-2.75,transport,checking
2026-01-15,BLUE BOTTLE COFFEE,-5.12,coffee,credit
2026-01-16,METRO TRANSIT,-2.75,transport,checking
2026-01-16,STARBUCKS #2231,-6.89,coffee,credit
2026-01-17,CHIPOTLE 1123,-34.26,dining,credit
2026-01-18,BLUE BOTTLE COFFEE,-5.13,coffee,credit
2026-01-18,HULU 877-8244858,-7.99,subscriptions,credit
2026-01-19,UBER *TRIP,-16.93,transport,credit
2026-01-20,METRO TRANSIT,-2.75,transport,checking
2026-01-20,METRO WATER DEPT,-36.97,utilities,checking
2026-01-20,CHIPOTLE 1123,-17.59,dining,credit
2026-01-20,SHELL OIL 5741,-42.29,transport,credit
2026-01-21,METRO TRANSIT,-2.75,transport,checking
2026-01-21,BLUE BOTTLE COFFEE,-6.34,coffee,credit
2026-01-21,UBER *TRIP,-15.53,transport,credit
2026-01-22,METRO TRANSIT,-2.75,transport,checking
2026-01-22,BLUE BOTTLE COFFEE,-4.86,coffee,credit
2026-01-22,NYTIMES DIGITAL,-17.00,subscriptions,credit
2026-01-23,METRO TRANSIT,-2.75,transport,checking
2026-01-23,CVS/PHARMACY #0921,-15.77,health,credit
2026-01-23,TRADER JOE'S #551,-62.61,groceries,credit
2026-01-24,METRO TRANSIT,-2.75,transport,checking
2026-01-25,THAI SPICE,-18.53,dining,credit
2026-01-25,WHOLE FOODS MKT,-58.79,groceries,credit
2026-01-26,METRO TRANSIT,-2.75,transport,checking
2026-01-26,BLUE BOTTLE COFFEE,-5.30,coffee,credit
2026-01-26,THAI SPICE,-22.34,dining,credit
2026-01-27,METRO TRANSIT,-2.75,transport,checking
2026-01-27,STARBUCKS #2231,-4.71,coffee,credit
2026-01-28,METRO TRANSIT,-2.75,transport,checking
2026-01-28,BLUE BOTTLE COFFEE,-6.44,coffee,credit
2026-01-28,UBER *TRIP,-19.44,transport,credit
2026-01-29,ACME PAYROLL,2841.50,income,checking
2026-01-29,METRO TRANSIT,-2.75,transport,checking
2026-01-30,METRO TRANSIT,-2.75,transport,checking
2026-01-30,PANERA BREAD #601,-22.21,dining,credit
2026-01-30,SHELL OIL 5741,-41.88,transport,credit
2026-01-30,STARBUCKS #2231,-4.75,coffee,credit
2026-01-31,KROGER #412,-62.96,groceries,credit
2026-01-31,UBER *TRIP,-21.89,transport,credit
2026-02-02,OAKWOOD APARTMENTS,-1450.00,rent,checking
2026-02-02,STARBUCKS #2231,-6.11,coffee,credit
2026-02-03,APPLE.COM/BILL ICLOUD,-2.99,subscriptions,credit
2026-02-03,STARBUCKS #2231,-5.49,coffee,credit
2026-02-03,TARGET T-1432,-49.14,shopping,credit
2026-02-03,TRADER JOE'S #551,-81.32,groceries,credit
2026-02-04,METRO TRANSIT,-2.75,transport,checking
2026-02-04,AMAZON MKTPLACE PMTS,-31.05,shopping,credit
2026-02-04,BLUE BOTTLE COFFEE,-5.33,coffee,credit
2026-02-04,UBER *TRIP,-15.87,transport,credit
2026-02-05,METRO TRANSIT,-2.75,transport,checking
2026-02-05,PLANET FITNESS #1123,-24.99,subscriptions,checking
2026-02-06,CVS/PHARMACY #0921,-23.07,health,credit
2026-02-07,NETFLIX.COM,-15.49,subscriptions,credit
2026-02-07,SHELL OIL 5741,-52.37,transport,credit
2026-02-07,THAI SPICE,-33.81,dining,credit
2026-02-07,TRADER JOE'S #551,-76.52,groceries,credit
2026-02-08,METRO TRANSIT,-2.75,transport,checking
2026-02-10,COMCAST CABLE COMM,-69.99,utilities,checking
2026-02-10,METRO TRANSIT,-2.75,transport,checking
2026-02-10,AMC THEATRES 0412,-22.08,entertainment,credit
2026-02-10,STARBUCKS #2231,-5.22,coffee,credit
2026-02-11,METRO TRANSIT,-2.75,transport,checking
2026-02-11,STARBUCKS #2231,-5.42,coffee,credit
2026-02-11,THAI SPICE,-19.21,dining,credit
2026-02-12,ACME PAYROLL,2841.50,income,checking
2026-02-12,METRO TRANSIT,-2.75,transport,checking
2026-02-12,SPOTIFY USA,-11.99,subscriptions,credit
2026-02-13,AMAZON MKTPLACE PMTS,-35.38,shopping,credit
2026-02-14,UBER *TRIP,-11.25,transport,credit
2026-02-15,CITY POWER & LIGHT,-145.58,utilities,checking
2026-02-15,METRO TRANSIT,-2.75,transport,checking
2026-02-15,IKEA SEATTLE,-1160.06,shopping,credit
2026-02-15,SHELL OIL 5741,-39.86,transport,credit
2026-02-15,WHOLE FOODS MKT,-99.48,groceries,credit
2026-02-16,METRO TRANSIT,-2.75,transport,checking
2026-02-16,BLUE BOTTLE COFFEE,-6.17,coffee,credit
2026-02-16,PANERA BREAD #601,-19.98,dining,credit
2026-02-17,CHIPOTLE 1123,-28.46,dining,credit
2026-02-17,STARBUCKS #2231,-4.64,coffee,credit
2026-02-18,METRO TRANSIT,-2.75,transport,checking
2026-02-18,HULU 877-8244858,-7.99,subscriptions,credit
2026-02-18,STARBUCKS #2231,-5.88,coffee,credit
2026-02-18,TARGET T-1432,-48.35,shopping,credit
2026-02-19,UBER *TRIP,-13.94,transport,credit
2026-02-20,METRO TRANSIT,-2.75,transport,checking
2026-02-20,METRO WATER DEPT,-35.35,utilities,checking
2026-02-20,STARBUCKS #2231,-5.55,coffee,credit
2026-02-21,WHOLE FOODS MKT,-52.48,groceries,credit
2026-02-22,KROGER #412,-96.72,groceries,credit
2026-02-22,NYTIMES DIGITAL,-17.00,subscriptions,credit
2026-02-23,METRO TRANSIT,-2.75,transport,checking
2026-02-23,STARBUCKS #2231,-6.21,coffee,credit
2026-02-24,METRO TRANSIT,-2.75,transport,checking
2026-02-24,STARBUCKS #2231,-3.93,coffee,credit
2026-02-25,SHELL OIL 5741,-46.74,transport,credit
2026-02-25,UBER *TRIP,-24.09,transport,credit
2026-02-26,ACME PAYROLL,2841.50,income,checking
2026-02-27,PANERA BREAD #601,-23.55,dining,credit
2026-02-27,TRADER JOE'S #551,-64.23,groceries,credit
2026-02-27,UBER *TRIP,-18.15,transport,credit
2026-03-01,METRO TRANSIT,-2.75,transport,checking
2026-03-01,CVS/PHARMACY #0921,-22.67,health,credit
2026-03-01,STARBUCKS #2231,-6.39,coffee,credit
2026-03-03,METRO TRANSIT,-2.75,transport,checking
2026-03-03,OAKWOOD APARTMENTS,-1450.00,rent,checking
2026-03-03,APPLE.COM/BILL ICLOUD,-2.99,subscriptions,credit
2026-03-05,PLANET FITNESS #1123,-24.99,subscriptions,checking
2026-03-05,BLUE BOTTLE COFFEE,-5.58,coffee,credit
2026-03-05,WHOLE FOODS MKT,-75.43,groceries,credit
2026-03-06,METRO TRANSIT,-2.75,transport,checking
2026-03-06,PANERA BREAD #601,-11.92,dining,credit
2026-03-07,METRO TRANSIT,-2.75,transport,checking
2026-03-07,NETFLIX.COM,-15.49,subscriptions,credit
2026-03-07,PANERA BREAD #601,-15.43,dining,credit
2026-03-07,SHELL OIL 5741,-42.41,transport,credit
2026-03-07,STARBUCKS #2231,-7.20,coffee,credit
2026-03-08,AMC THEATRES 0412,-50.15,entertainment,credit
2026-03-08,THAI SPICE,-20.09,dining,credit
2026-03-09,STARBUCKS #2231,-4.72,coffee,credit
2026-03-09,TARGET T-1432,-24.99,shopping,credit
2026-03-10,COMCAST CABLE COMM,-69.99,utilities,checking
2026-03-10,METRO TRANSIT,-2.75,transport,checking
2026-03-10,BLUE BOTTLE COFFEE,-7.48,coffee,credit
2026-03-10,UBER *TRIP,-27.41,transport,credit
2026-03-11,METRO TRANSIT,-2.75,transport,checking
2026-03-11,WHOLE FOODS MKT,-69.91,groceries,credit
2026-03-12,ACME PAYROLL,2841.50,income,checking
2026-03-12,METRO TRANSIT,-2.75,transport,checking
2026-03-12,CHIPOTLE 1123,-17.20,dining,credit
2026-03-12,KROGER #412,-77.74,groceries,credit
2026-03-12,SPOTIFY USA,-11.99,subscriptions,credit
2026-03-13,AMAZON MKTPLACE PMTS,-48.08,shopping,credit
2026-03-13,BLUE BOTTLE COFFEE,-6.52,coffee,credit
2026-03-14,BLUE BOTTLE COFFEE,-4.79,coffee,credit
2026-03-14,UBER *TRIP,-19.01,transport,credit
2026-03-15,CITY POWER & LIGHT,-107.59,utilities,checking
2026-03-15,METRO TRANSIT,-2.75,transport,checking
2026-03-16,THAI SPICE,-16.51,dining,credit
2026-03-17,METRO TRANSIT,-2.75,transport,checking
2026-03-18,METRO TRANSIT,-2.75,transport,checking
2026-03-18,HULU 877-8244858,-7.99,subscriptions,credit
2026-03-18,SHELL OIL 5741,-40.44,transport,credit
2026-03-19,METRO TRANSIT,-2.75,transport,checking
2026-03-19,STARBUCKS #2231,-6.63,coffee,credit
2026-03-20,METRO TRANSIT,-2.75,transport,checking
2026-03-20,METRO WATER DEPT,-36.05,utilities,checking
2026-03-20,BLUE BOTTLE COFFEE,-6.15,coffee,credit
2026-03-21,CHIPOTLE 1123,-13.65,dining,credit
2026-03-22,METRO TRANSIT,-2.75,transport,checking
2026-03-22,NYTIMES DIGITAL,-17.00,subscriptions,credit
2026-03-22,THAI SPICE,-17.14,dining,credit
2026-03-22,TRADER JOE'S #551,-70.22,groceries,credit
2026-03-23,METRO TRANSIT,-2.75,transport,checking
2026-03-23,BLUE BOTTLE COFFEE,-4.54,coffee,credit
2026-03-24,METRO TRANSIT,-2.75,transport,checking
2026-03-24,STARBUCKS #2231,-7.08,coffee,credit
2026-03-25,METRO TRANSIT,-2.75,transport,checking
2026-03-25,STARBUCKS #2231,-6.74,coffee,credit
2026-03-25,UBER *TRIP,-21.91,transport,credit
2026-03-26,METRO TRANSIT,-2.75,transport,checking
2026-03-27,ACME PAYROLL,2841.50,income,checking
2026-03-27,METRO TRANSIT,-2.75,transport,checking
2026-03-27,UBER *TRIP,-22.51,transport,credit
2026-03-28,CHIPOTLE 1123,-18.18,dining,credit
2026-03-28,KROGER #412,-61.08,groceries,credit
2026-03-30,METRO TRANSIT,-2.75,transport,checking
2026-03-30,SHELL OIL 5741,-43.38,transport,credit
2026-03-30,STARBUCKS #2231,-5.55,coffee,credit
2026-03-31,METRO TRANSIT,-2.75,transport,checking
2026-03-31,UBER *TRIP,-19.33,transport,credit
2026-04-01,THAI SPICE,-18.01,dining,credit
2026-04-02,METRO TRANSIT,-2.75,transport,checking
2026-04-02,OAKWOOD APARTMENTS,-1450.00,rent,checking
2026-04-02,STARBUCKS #2231,-4.52,coffee,credit
2026-04-02,THAI SPICE,-25.77,dining,credit
2026-04-03,APPLE.COM/BILL ICLOUD,-2.99,subscriptions,credit
2026-04-03,KROGER #412,-93.92,groceries,credit
2026-04-03,STARBUCKS #2231,-5.43,coffee,credit
2026-04-03,THAI SPICE,-15.59,dining,credit
2026-04-04,STARBUCKS #2231,-7.20,coffee,credit
2026-04-04,UBER *TRIP,-17.55,transport,credit
2026-04-05,PLANET FITNESS #1123,-24.99,subscriptions,checking
2026-04-05,TRADER JOE'S #551,-85.46,groceries,credit
2026-04-06,METRO TRANSIT,-2.75,transport,checking
2026-04-06,BLUE BOTTLE COFFEE,-4.68,coffee,credit
2026-04-07,METRO TRANSIT,-2.75,transport,checking
2026-04-07,NETFLIX.COM,-15.49,subscriptions,credit
2026-04-07,WHOLE FOODS MKT,-69.11,groceries,credit
2026-04-09,ACME PAYROLL,2841.50,income,checking
2026-04-09,METRO TRANSIT,-2.75,transport,checking
2026-04-09,SHELL OIL 5741,-40.55,transport,credit
2026-04-09,STARBUCKS #2231,-4.92,coffee,credit
2026-04-10,COMCAST CABLE COMM,-69.99,utilities,checking
2026-04-10,METRO TRANSIT,-2.75,transport,checking
2026-04-10,UBER *TRIP,-12.38,transport,credit
2026-04-11,METRO TRANSIT,-2.75,transport,checking
2026-04-11,STARBUCKS #2231,-4.56,coffee,credit
2026-04-12,KROGER #412,-99.24,groceries,credit
2026-04-12,PANERA BREAD #601,-25.64,dining,credit
2026-04-12,SPOTIFY USA,-11.99,subscriptions,credit
2026-04-12,UBER *TRIP,-25.19,transport,credit
2026-04-13,UBER *TRIP,-27.72,transport,credit
2026-04-14,METRO TRANSIT,-2.75,transport,checking
2026-04-14,AMAZON MKTPLACE PMTS,-40.01,shopping,credit
2026-04-15,CITY POWER & LIGHT,-88.32,utilities,checking
2026-04-16,METRO TRANSIT,-2.75,transport,checking
2026-04-16,STARBUCKS #2231,-5.40,coffee,credit
2026-04-17,PANERA BREAD #601,-20.63,dining,credit
2026-04-18,METRO TRANSIT,-2.75,transport,checking
2026-04-18,HULU 877-8244858,-7.99,subscriptions,credit
2026-04-18,STARBUCKS #2231,-6.45,coffee,credit
2026-04-18,TRADER JOE'S #551,-93.56,groceries,credit
2026-04-18,UBER *TRIP,-17.24,transport,credit
2026-04-19,THAI SPICE,-26.54,dining,credit
2026-04-20,METRO WATER DEPT,-33.05,utilities,checking
2026-04-20,UBER *TRIP,-36.17,transport,credit
2026-04-21,SHELL OIL 5741,-43.06,transport,credit
2026-04-21,STARBUCKS #2231,-5.79,coffee,credit
2026-04-22,CHIPOTLE 1123,-17.45,dining,credit
2026-04-22,NYTIMES DIGITAL,-17.00,subscriptions,credit
2026-04-23,METRO TRANSIT,-2.75,transport,checking
2026-04-23,BLUE BOTTLE COFFEE,-5.82,coffee,credit
2026-04-24,ACME PAYROLL,2841.50,income,checking
2026-04-24,METRO TRANSIT,-2.75,transport,checking
2026-04-24,TARGET T-1432,-42.54,shopping,credit
2026-04-25,BLUE BOTTLE COFFEE,-6.49,coffee,credit
2026-04-25,CHIPOTLE 1123,-16.89,dining,credit
2026-04-26,METRO TRANSIT,-2.75,transport,checking
2026-04-26,TRADER JOE'S #551,-52.27,groceries,credit
2026-04-27,METRO TRANSIT,-2.75,transport,checking
2026-04-27,AMAZON MKTPLACE PMTS,-28.44,shopping,credit
2026-04-27,IKEA SEATTLE,-322.37,shopping,credit
2026-04-28,METRO TRANSIT,-2.75,transport,checking
2026-04-29,METRO TRANSIT,-2.75,transport,checking
2026-04-29,BLUE BOTTLE COFFEE,-5.04,coffee,credit
2026-04-29,CHIPOTLE 1123,-24.44,dining,credit
2026-04-30,METRO TRANSIT,-2.75,transport,checking
2026-04-30,STARBUCKS #2231,-5.71,coffee,credit
2026-05-01,METRO TRANSIT,-2.75,transport,checking
2026-05-01,KROGER #412,-79.96,groceries,credit
2026-05-01,SHELL OIL 5741,-43.36,transport,credit
2026-05-01,STARBUCKS #2231,-5.01,coffee,credit
2026-05-02,OAKWOOD APARTMENTS,-1450.00,rent,checking
2026-05-03,APPLE.COM/BILL ICLOUD,-2.99,subscriptions,credit
2026-05-03,STARBUCKS #2231,-5.76,coffee,credit
2026-05-04,METRO TRANSIT,-2.75,transport,checking
2026-05-04,AMAZON MKTPLACE PMTS,-27.45,shopping,credit
2026-05-04,STARBUCKS #2231,-5.12,coffee,credit
2026-05-05,METRO TRANSIT,-2.75,transport,checking
2026-05-05,PLANET FITNESS #1123,-24.99,subscriptions,checking
2026-05-05,CHIPOTLE 1123,-18.41,dining,credit
2026-05-06,METRO TRANSIT,-2.75,transport,checking
2026-05-07,ACME PAYROLL,2841.50,income,checking
2026-05-07,METRO TRANSIT,-2.75,transport,checking
2026-05-07,NETFLIX.COM,-15.49,subscriptions,credit
2026-05-08,BLUE BOTTLE COFFEE,-4.62,coffee,credit
2026-05-08,TARGET T-1432,-50.35,shopping,credit
2026-05-09,SHELL OIL 5741,-47.64,transport,credit
2026-05-10,COMCAST CABLE COMM,-69.99,utilities,checking
2026-05-10,CHIPOTLE 1123,-17.66,dining,credit
2026-05-10,STARBUCKS #2231,-4.00,coffee,credit
2026-05-10,TRADER JOE'S #551,-45.36,groceries,credit
2026-05-10,UBER *TRIP,-15.07,transport,credit
2026-05-12,METRO TRANSIT,-2.75,transport,checking
2026-05-12,SPOTIFY USA,-11.99,subscriptions,credit
2026-05-13,BLUE BOTTLE COFFEE,-3.68,coffee,credit
2026-05-13,THAI SPICE,-19.47,dining,credit
2026-05-14,BLUE BOTTLE COFFEE,-6.95,coffee,credit
2026-05-15,CITY POWER & LIGHT,-83.73,utilities,checking
2026-05-15,METRO TRANSIT,-2.75,transport,checking
2026-05-15,BLUE BOTTLE COFFEE,-4.64,coffee,credit
2026-05-16,BEST BUY 00412,-395.31,shopping,credit
2026-05-16,BLUE BOTTLE COFFEE,-4.91,coffee,credit
2026-05-16,PANERA BREAD #601,-18.41,dining,credit
2026-05-16,UBER *TRIP,-15.99,transport,credit
2026-05-17,METRO TRANSIT,-2.75,transport,checking
2026-05-17,UBER *TRIP,-27.95,transport,credit
2026-05-17,WHOLE FOODS MKT,-78.93,groceries,credit
2026-05-18,METRO TRANSIT,-2.75,transport,checking
2026-05-18,HULU 877-8244858,-7.99,subscriptions,credit
2026-05-18,SHELL OIL 5741,-40.63,transport,credit
2026-05-18,STARBUCKS #2231,-5.53,coffee,credit
2026-05-19,BLUE BOTTLE COFFEE,-7.15,coffee,credit
2026-05-19,CHIPOTLE 1123,-21.76,dining,credit
2026-05-19,TRADER JOE'S #551,-63.07,groceries,credit
2026-05-20,METRO WATER DEPT,-32.82,utilities,checking
2026-05-20,BLUE BOTTLE COFFEE,-5.61,coffee,credit
2026-05-20,PANERA BREAD #601,-30.38,dining,credit
2026-05-22,ACME PAYROLL,2841.50,income,checking
2026-05-22,METRO TRANSIT,-2.75,transport,checking
2026-05-22,BLUE BOTTLE COFFEE,-5.81,coffee,credit
2026-05-22,NYTIMES DIGITAL,-17.00,subscriptions,credit
2026-05-23,PANERA BREAD #601,-26.75,dining,credit
2026-05-24,METRO TRANSIT,-2.75,transport,checking
2026-05-25,METRO TRANSIT,-2.75,transport,checking
2026-05-25,CHIPOTLE 1123,-19.05,dining,credit
2026-05-25,WHOLE FOODS MKT,-80.05,groceries,credit
2026-05-27,BLUE BOTTLE COFFEE,-5.11,coffee,credit
2026-05-27,CVS/PHARMACY #0921,-29.63,health,credit
2026-05-27,SHELL OIL 5741,-55.04,transport,credit
2026-05-28,METRO TRANSIT,-2.75,transport,checking
2026-05-28,STARBUCKS #2231,-5.53,coffee,credit
2026-05-29,CHIPOTLE 1123,-25.30,dining,credit
2026-05-30,METRO TRANSIT,-2.75,transport,checking
2026-05-30,WHOLE FOODS MKT,-62.54,groceries,credit
2026-05-31,STARBUCKS #2231,-5.73,coffee,credit
2026-05-31,UBER *TRIP,-18.50,transport,credit
2026-06-01,METRO TRANSIT,-2.75,transport,checking
2026-06-01,STARBUCKS #2231,-4.75,coffee,credit
2026-06-02,PANERA BREAD #601,-22.48,dining,credit
2026-06-03,METRO TRANSIT,-2.75,transport,checking
2026-06-03,OAKWOOD APARTMENTS,-1450.00,rent,checking
2026-06-03,APPLE.COM/BILL ICLOUD,-2.99,subscriptions,credit
2026-06-03,STARBUCKS #2231,-5.45,coffee,credit
2026-06-04,UBER *TRIP,-20.04,transport,credit
2026-06-05,ACME PAYROLL,2841.50,income,checking
2026-06-05,METRO TRANSIT,-2.75,transport,checking
2026-06-05,PLANET FITNESS #1123,-24.99,subscriptions,checking
2026-06-05,PANERA BREAD #601,-18.05,dining,credit
2026-06-05,SHELL OIL 5741,-39.08,transport,credit
2026-06-05,STARBUCKS #2231,-5.57,coffee,credit
2026-06-06,METRO TRANSIT,-2.75,transport,checking
2026-06-06,CVS/PHARMACY #0921,-23.33,health,credit
2026-06-07,KROGER #412,-84.84,groceries,credit
2026-06-07,NETFLIX.COM,-15.49,subscriptions,credit
2026-06-07,STARBUCKS #2231,-6.23,coffee,credit
2026-06-07,THAI SPICE,-22.15,dining,credit
2026-06-09,METRO TRANSIT,-2.75,transport,checking
2026-06-09,CHIPOTLE 1123,-30.27,dining,credit
2026-06-09,STARBUCKS #2231,-5.46,coffee,credit
2026-06-10,COMCAST CABLE COMM,-69.99,utilities,checking
2026-06-10,METRO TRANSIT,-2.75,transport,checking
2026-06-10,CHIPOTLE 1123,-33.51,dining,credit
2026-06-11,STARBUCKS #2231,-5.73,coffee,credit
2026-06-11,UBER *TRIP,-20.66,transport,credit
2026-06-12,SPOTIFY USA,-11.99,subscriptions,credit
2026-06-13,WHOLE FOODS MKT,-68.27,groceries,credit
2026-06-14,METRO TRANSIT,-2.75,transport,checking
2026-06-14,UBER *TRIP,-24.21,transport,credit
2026-06-15,CITY POWER & LIGHT,-75.52,utilities,checking
2026-06-15,KROGER #412,-48.33,groceries,credit
2026-06-15,SHELL OIL 5741,-39.18,transport,credit
2026-06-16,METRO TRANSIT,-2.75,transport,checking
2026-06-16,AMAZON MKTPLACE PMTS,-101.45,shopping,credit
2026-06-17,METRO TRANSIT,-2.75,transport,checking
2026-06-18,ACME PAYROLL,2841.50,income,checking
2026-06-18,METRO TRANSIT,-2.75,transport,checking
2026-06-18,HULU 877-8244858,-7.99,subscriptions,credit
2026-06-18,STARBUCKS #2231,-4.14,coffee,credit
2026-06-19,THAI SPICE,-14.00,dining,credit
2026-06-19,UBER *TRIP,-11.97,transport,credit
2026-06-20,METRO TRANSIT,-2.75,transport,checking
2026-06-20,METRO WATER DEPT,-33.17,utilities,checking
2026-06-20,PANERA BREAD #601,-21.08,dining,credit
2026-06-20,UBER *TRIP,-11.73,transport,credit
2026-06-21,BLUE BOTTLE COFFEE,-5.49,coffee,credit
2026-06-22,METRO TRANSIT,-2.75,transport,checking
2026-06-22,NYTIMES DIGITAL,-17.00,subscriptions,credit
2026-06-23,STARBUCKS #2231,-5.69,coffee,credit
2026-06-23,UBER *TRIP,-25.23,transport,credit
2026-06-24,METRO TRANSIT,-2.75,transport,checking
2026-06-24,SHELL OIL 5741,-46.12,transport,credit
2026-06-24,TARGET T-1432,-62.93,shopping,credit
2026-06-24,WHOLE FOODS MKT,-62.87,groceries,credit
2026-06-25,METRO TRANSIT,-2.75,transport,checking
2026-06-26,METRO TRANSIT,-2.75,transport,checking
2026-06-26,BLUE BOTTLE COFFEE,-6.34,coffee,credit
2026-06-26,CHIPOTLE 1123,-18.35,dining,credit
2026-06-27,AMC THEATRES 0412,-27.77,entertainment,credit
2026-06-27,THAI SPICE,-26.70,dining,credit
2026-06-28,CHIPOTLE 1123,-21.79,dining,credit
2026-06-28,WHOLE FOODS MKT,-68.01,groceries,credit
2026-06-29,BLUE BOTTLE COFFEE,-5.16,coffee,credit
2026-06-30,CHIPOTLE 1123,-22.54,dining,credit
2026-07-01,METRO TRANSIT,-2.75,transport,checking
2026-07-01,STARBUCKS #2231,-4.26,coffee,credit
2026-07-02,ACME PAYROLL,2841.50,income,checking
2026-07-02,METRO TRANSIT,-2.75,transport,checking
2026-07-03,OAKWOOD APARTMENTS,-1450.00,rent,checking
2026-07-03,AMAZON MKTPLACE PMTS,-37.91,shopping,credit
2026-07-03,APPLE.COM/BILL ICLOUD,-2.99,subscriptions,credit
2026-07-04,METRO TRANSIT,-2.75,transport,checking
2026-07-04,PANERA BREAD #601,-19.67,dining,credit
2026-07-04,SHELL OIL 5741,-40.50,transport,credit
2026-07-04,UBER *TRIP,-17.14,transport,credit
2026-07-04,WHOLE FOODS MKT,-71.01,groceries,credit
2026-07-05,PLANET FITNESS #1123,-24.99,subscriptions,checking
2026-07-05,STARBUCKS #2231,-4.85,coffee,credit
2026-07-05,UBER *TRIP,-33.76,transport,credit
2026-07-05,WHOLE FOODS MKT,-94.39,groceries,credit
2026-07-06,METRO TRANSIT,-2.75,transport,checking
2026-07-06,BLUE BOTTLE COFFEE,-4.97,coffee,credit
2026-07-07,METRO TRANSIT,-2.75,transport,checking
2026-07-07,BLUE BOTTLE COFFEE,-5.91,coffee,credit
2026-07-07,NETFLIX.COM,-15.49,subscriptions,credit
2026-07-07,TARGET T-1432,-50.45,shopping,credit
2026-07-07,TRADER JOE'S #551,-53.55,groceries,credit
2026-07-08,METRO TRANSIT,-2.75,transport,checking
2026-07-09,AMAZON MKTPLACE PMTS,-18.47,shopping,credit
2026-07-10,COMCAST CABLE COMM,-69.99,utilities,checking
2026-07-10,METRO TRANSIT,-2.75,transport,checking
2026-07-10,CVS/PHARMACY #0921,-31.13,health,credit
2026-07-11,BLUE BOTTLE COFFEE,-4.37,coffee,credit
2026-07-11,THAI SPICE,-17.85,dining,credit
2026-07-12,KROGER #412,-67.02,groceries,credit
2026-07-12,SPOTIFY USA,-11.99,subscriptions,credit
2026-07-13,METRO TRANSIT,-2.75,transport,checking
2026-07-13,AMAZON MKTPLACE PMTS,-38.15,shopping,credit
2026-07-13,STARBUCKS #2231,-5.32,coffee,credit
2026-07-14,METRO TRANSIT,-2.75,transport,checking
2026-07-14,BLUE BOTTLE COFFEE,-5.56,coffee,credit
2026-07-14,SHELL OIL 5741,-41.73,transport,credit
2026-07-14,UBER *TRIP,-20.60,transport,credit
2026-07-15,CITY POWER & LIGHT,-88.57,utilities,checking
2026-07-15,METRO TRANSIT,-2.75,transport,checking
2026-07-15,UBER *TRIP,-21.31,transport,credit
2026-07-16,ACME PAYROLL,2841.50,income,checking
2026-07-16,METRO TRANSIT,-2.75,transport,checking
2026-07-17,STARBUCKS #2231,-4.68,coffee,credit
2026-07-18,METRO TRANSIT,-2.75,transport,checking
2026-07-18,HULU 877-8244858,-7.99,subscriptions,credit
2026-07-18,TRADER JOE'S #551,-54.61,groceries,credit
2026-07-19,AMC THEATRES 0412,-38.07,entertainment,credit
2026-07-19,BLUE BOTTLE COFFEE,-5.84,coffee,credit
2026-07-19,CHIPOTLE 1123,-25.52,dining,credit
2026-07-20,METRO TRANSIT,-2.75,transport,checking
2026-07-20,METRO WATER DEPT,-35.73,utilities,checking
2026-07-20,KROGER #412,-70.14,groceries,credit
2026-07-20,PANERA BREAD #601,-24.15,dining,credit
2026-07-21,METRO TRANSIT,-2.75,transport,checking
2026-07-21,BEST BUY 00412,-1169.61,shopping,credit
2026-07-21,BLUE BOTTLE COFFEE,-6.54,coffee,credit
2026-07-22,METRO TRANSIT,-2.75,transport,checking
2026-07-22,BLUE BOTTLE COFFEE,-6.82,coffee,credit
2026-07-22,NYTIMES DIGITAL,-17.00,subscriptions,credit
2026-07-23,METRO TRANSIT,-2.75,transport,checking
2026-07-24,METRO TRANSIT,-2.75,transport,checking
2026-07-24,SHELL OIL 5741,-45.19,transport,credit
2026-07-25,KROGER #412,-49.92,groceries,credit
2026-07-26,TARGET T-1432,-75.87,shopping,credit
2026-07-26,THAI SPICE,-18.82,dining,credit
2026-07-27,METRO TRANSIT,-2.75,transport,checking
2026-07-27,BLUE BOTTLE COFFEE,-5.60,coffee,credit
2026-07-27,CHIPOTLE 1123,-29.65,dining,credit
2026-07-27,KROGER #412,-64.71,groceries,credit
2026-07-28,METRO TRANSIT,-2.75,transport,checking
2026-07-28,CHIPOTLE 1123,-13.30,dining,credit
2026-07-28,STARBUCKS #2231,-5.36,coffee,credit
2026-07-28,UBER *TRIP,-23.42,transport,credit
2026-07-30,METRO TRANSIT,-2.75,transport,checking
2026-07-31,ACME PAYROLL,2841.50,income,checking
2026-07-31,METRO TRANSIT,-2.75,transport,checking
2026-08-01,AMAZON MKTPLACE PMTS,-82.86,shopping,credit
2026-08-01,PANERA BREAD #601,-26.84,dining,credit
2026-08-01,UBER *TRIP,-11.92,transport,credit
2026-08-02,METRO TRANSIT,-2.75,transport,checking
2026-08-02,OAKWOOD APARTMENTS,-1450.00,rent,checking
2026-08-02,BLUE BOTTLE COFFEE,-7.29,coffee,credit
2026-08-02,SHELL OIL 5741,-37.72,transport,credit
2026-08-03,APPLE.COM/BILL ICLOUD,-2.99,subscriptions,credit
2026-08-03,BLUE BOTTLE COFFEE,-5.50,coffee,credit
2026-08-04,METRO TRANSIT,-2.75,transport,checking
2026-08-05,METRO TRANSIT,-2.75,transport,checking
2026-08-05,PLANET FITNESS #1123,-24.99,subscriptions,checking
2026-08-05,CVS/PHARMACY #0921,-12.84,health,credit
2026-08-05,STARBUCKS #2231,-6.55,coffee,credit
2026-08-05,UBER *TRIP,-17.88,transport,credit
2026-08-06,BLUE BOTTLE COFFEE,-7.04,coffee,credit
2026-08-06,CHIPOTLE 1123,-21.87,dining,credit
2026-08-06,UBER *TRIP,-14.93,transport,credit
2026-08-07,NETFLIX.COM,-15.49,subscriptions,credit
2026-08-07,WHOLE FOODS MKT,-78.43,groceries,credit
2026-08-08,METRO TRANSIT,-2.75,transport,checking
2026-08-09,PANERA BREAD #601,-27.03,dining,credit
2026-08-10,COMCAST CABLE COMM,-69.99,utilities,checking
2026-08-10,METRO TRANSIT,-2.75,transport,checking
2026-08-10,SHELL OIL 5741,-42.95,transport,credit
2026-08-11,STARBUCKS #2231,-5.43,coffee,credit
2026-08-11,THAI SPICE,-12.92,dining,credit
2026-08-12,METRO TRANSIT,-2.75,transport,checking
2026-08-12,PANERA BREAD #601,-23.46,dining,credit
2026-08-12,SPOTIFY USA,-11.99,subscriptions,credit
2026-08-13,ACME PAYROLL,2841.50,income,checking
2026-08-13,BLUE BOTTLE COFFEE,-6.26,coffee,credit
2026-08-15,CITY POWER & LIGHT,-75.20,utilities,checking
2026-08-15,TRADER JOE'S #551,-77.40,groceries,credit
2026-08-16,METRO TRANSIT,-2.75,transport,checking
2026-08-17,UBER *TRIP,-19.83,transport,credit
2026-08-18,METRO TRANSIT,-2.75,transport,checking
2026-08-18,BLUE BOTTLE COFFEE,-6.58,coffee,credit
2026-08-18,HULU 877-8244858,-7.99,subscriptions,credit
2026-08-19,SHELL OIL 5741,-43.42,transport,credit
2026-08-20,METRO TRANSIT,-2.75,transport,checking
2026-08-20,METRO WATER DEPT,-31.16,utilities,checking
2026-08-20,WHOLE FOODS MKT,-53.59,groceries,credit
2026-08-21,UBER *TRIP,-12.75,transport,credit
2026-08-22,NYTIMES DIGITAL,-17.00,subscriptions,credit
2026-08-23,METRO TRANSIT,-2.75,transport,checking
2026-08-23,BLUE BOTTLE COFFEE,-5.74,coffee,credit
2026-08-23,PANERA BREAD #601,-18.65,dining,credit
2026-08-25,METRO TRANSIT,-2.75,transport,checking
2026-08-25,BLUE BOTTLE COFFEE,-3.18,coffee,credit
2026-08-25,TARGET T-1432,-38.61,shopping,credit
2026-08-26,METRO TRANSIT,-2.75,transport,checking
2026-08-27,ACME PAYROLL,2841.50,income,checking
2026-08-27,METRO TRANSIT,-2.75,transport,checking
2026-08-27,CHIPOTLE 1123,-11.64,dining,credit
2026-08-27,SHELL OIL 5741,-38.73,transport,credit
2026-08-28,AMC THEATRES 0412,-25.88,entertainment,credit
2026-08-28,STARBUCKS #2231,-5.89,coffee,credit
2026-08-28,UBER *TRIP,-15.19,transport,credit
2026-08-29,METRO TRANSIT,-2.75,transport,checking
2026-08-29,THAI SPICE,-26.56,dining,credit
2026-08-29,WHOLE FOODS MKT,-77.74,groceries,credit
2026-08-30,METRO TRANSIT,-2.75,transport,checking
2026-08-30,PANERA BREAD #601,-20.66,dining,credit
2026-08-30,STARBUCKS #2231,-5.91,coffee,credit
2026-08-30,TRADER JOE'S #551,-77.20,groceries,credit
2026-08-30,UBER *TRIP,-14.92,transport,credit
2026-08-31,STARBUCKS #2231,-5.50,coffee,credit
2026-09-01,METRO TRANSIT,-2.75,transport,checking
2026-09-01,AMAZON MKTPLACE PMTS,-70.75,shopping,credit
2026-09-01,UBER *TRIP,-16.89,transport,credit
2026-09-01,WHOLE FOODS MKT,-74.34,groceries,credit
2026-09-02,METRO TRANSIT,-2.75,transport,checking
2026-09-02,BLUE BOTTLE COFFEE,-7.01,coffee,credit
2026-09-03,METRO TRANSIT,-2.75,transport,checking
2026-09-03,OAKWOOD APARTMENTS,-1450.00,rent,checking
2026-09-03,APPLE.COM/BILL ICLOUD,-2.99,subscriptions,credit
2026-09-03,BLUE BOTTLE COFFEE,-5.61,coffee,credit
2026-09-04,METRO TRANSIT,-2.75,transport,checking
2026-09-04,AMAZON MKTPLACE PMTS,-12.56,shopping,credit
2026-09-04,BLUE BOTTLE COFFEE,-5.41,coffee,credit
2026-09-04,KROGER #412,-89.29,groceries,credit
2026-09-04,PANERA BREAD #601,-10.99,dining,credit
2026-09-05,METRO TRANSIT,-2.75,transport,checking
2026-09-05,CHIPOTLE 1123,-16.38,dining,credit
2026-09-05,SHELL OIL 5741,-38.99,transport,credit
2026-09-07,METRO TRANSIT,-2.75,transport,checking
2026-09-07,BLUE BOTTLE COFFEE,-6.32,coffee,credit
2026-09-07,NETFLIX.COM,-17.99,subscriptions,credit
2026-09-08,METRO TRANSIT,-2.75,transport,checking
2026-09-08,AMAZON MKTPLACE PMTS,-48.29,shopping,credit
2026-09-08,STARBUCKS #2231,-5.53,coffee,credit
2026-09-08,THAI SPICE,-38.37,dining,credit
2026-09-09,METRO TRANSIT,-2.75,transport,checking
2026-09-09,PANERA BREAD #601,-34.82,dining,credit
2026-09-09,PARAMOUNT+ SUBSCRIPTION,-12.99,subscriptions,credit
2026-09-10,COMCAST CABLE COMM,-69.99,utilities,checking
2026-09-10,METRO TRANSIT,-2.75,transport,checking
2026-09-10,TRADER JOE'S #551,-60.95,groceries,credit
2026-09-11,ACME PAYROLL,2841.50,income,checking
2026-09-11,UBER *TRIP,-9.57,transport,credit
2026-09-12,METRO TRANSIT,-2.75,transport,checking
2026-09-12,CORNER BISTRO,-38.50,dining,credit
2026-09-12,CVS/PHARMACY #0921,-17.50,health,credit
2026-09-12,SPOTIFY USA,-11.99,subscriptions,credit
2026-09-12,WHOLE FOODS MKT,-47.56,groceries,credit
2026-09-13,CHIPOTLE 1123,-20.91,dining,credit
2026-09-13,CORNER BISTRO,-38.50,dining,credit
2026-09-13,STARBUCKS #2231,-5.41,coffee,credit
2026-09-14,METRO TRANSIT,-2.75,transport,checking
2026-09-14,AUDIBLE*MEMBERSHIP,-15.99,subscriptions,credit
2026-09-15,CITY POWER & LIGHT,-84.96,utilities,checking
2026-09-15,METRO TRANSIT,-2.75,transport,checking
2026-09-15,TARGET T-1432,-32.12,shopping,credit
2026-09-15,THAI SPICE,-19.12,dining,credit
2026-09-16,METRO TRANSIT,-2.75,transport,checking
2026-09-16,BLUE BOTTLE COFFEE,-4.70,coffee,credit
2026-09-16,SHELL OIL 5741,-39.87,transport,credit
2026-09-16,UBER *TRIP,-18.37,transport,credit
2026-09-17,METRO TRANSIT,-2.75,transport,checking
2026-09-17,UBER *TRIP,-21.22,transport,credit
2026-09-17,WHOLE FOODS MKT,-67.90,groceries,credit
2026-09-18,CHIPOTLE 1123,-14.88,dining,credit
2026-09-18,HULU 877-8244858,-7.99,subscriptions,credit
2026-09-19,METRO TRANSIT,-2.75,transport,checking
2026-09-19,THAI SPICE,-23.29,dining,credit
2026-09-20,METRO WATER DEPT,-37.18,utilities,checking
2026-09-20,STARBUCKS #2231,-6.49,coffee,credit
2026-09-21,METRO TRANSIT,-2.75,transport,checking
2026-09-21,CLOUDVAULT BACKUP,-18.02,subscriptions,credit
2026-09-22,METRO TRANSIT,-2.75,transport,checking
2026-09-22,NYTIMES DIGITAL,-17.00,subscriptions,credit
2026-09-23,METRO TRANSIT,-2.75,transport,checking
2026-09-23,BLUE BOTTLE COFFEE,-5.90,coffee,credit
2026-09-23,THAI SPICE,-21.33,dining,credit
2026-09-23,UBER *TRIP,-19.17,transport,credit
2026-09-24,METRO TRANSIT,-2.75,transport,checking
2026-09-24,BLUE BOTTLE COFFEE,-5.69,coffee,credit
2026-09-24,UBER *TRIP,-14.53,transport,credit
2026-09-25,ACME PAYROLL,2841.50,income,checking
2026-09-25,METRO TRANSIT,-2.75,transport,checking
2026-09-25,KROGER #412,-59.40,groceries,credit
2026-09-25,THAI SPICE,-13.76,dining,credit
2026-09-27,SHELL OIL 5741,-47.84,transport,credit
2026-09-28,BLUE BOTTLE COFFEE,-5.78,coffee,credit
2026-09-29,METRO TRANSIT,-2.75,transport,checking
2026-09-29,THAI SPICE,-23.54,dining,credit
2026-09-30,METRO TRANSIT,-2.75,transport,checking
